{"cameraMode":{"drawMode":0,"name":"Shaded","section":"Shading Mode"},"sceneLighting":false,"audioPlay":false,"sceneViewState":{"showFog":true,"showMaterialUpdate":true,"showSkybox":false,"showFlares":true,"showImageEffects":true,"showParticleSystems":true},"in2DMode":false,"pivot":{"x":-20.948810577392579,"y":-9.35696029663086,"z":-2.3036365509033205},"rotation":{"x":-0.14795461297035218,"y":0.711610734462738,"z":-0.15749992430210114,"w":-0.668541431427002},"size":65.16670989990235,"orthographic":false}