{"cameraMode":{"drawMode":0,"name":"Shaded","section":"Shading Mode"},"sceneLighting":false,"audioPlay":false,"sceneViewState":{"showFog":true,"showMaterialUpdate":true,"showSkybox":false,"showFlares":true,"showImageEffects":true,"showParticleSystems":true},"in2DMode":false,"pivot":{"x":-21.789752960205079,"y":-7.729611396789551,"z":-0.9927735924720764},"rotation":{"x":-0.14795461297035218,"y":0.711610734462738,"z":-0.15749992430210114,"w":-0.668541431427002},"size":36.44305419921875,"orthographic":false}